{"data_time": 0.02745579998008907, "eta_seconds": 2744.849888999015, "fast_rcnn/cls_accuracy": 0.89404296875, "fast_rcnn/false_negative": 0.9368351063829787, "fast_rcnn/fg_cls_accuracy": 0.06316489361702127, "iteration": 19, "loss_box_reg": 0.16797316074371338, "loss_cls": 0.549408495426178, "loss_mask": 0.6932560205459595, "loss_rpn_cls": 0.8598057925701141, "loss_rpn_loc": 0.12115580588579178, "lr": 4.99525e-05, "mask_rcnn/accuracy": 0.49338342128995627, "mask_rcnn/false_negative": 0.3348706535761726, "mask_rcnn/false_positive": 0.8004687567064136, "roi_head/num_bg_samples": 242.875, "roi_head/num_fg_samples": 13.125, "rpn/num_neg_anchors": 228.25, "rpn/num_pos_anchors": 27.75, "time": 15.249166049994528, "total_loss": 2.3879347443580627}
{"data_time": 0.028461100009735674, "eta_seconds": 2439.9172000028193, "fast_rcnn/cls_accuracy": 0.92529296875, "fast_rcnn/false_negative": 1.0, "fast_rcnn/fg_cls_accuracy": 0.0, "iteration": 39, "loss_box_reg": 0.23617158085107803, "loss_cls": 0.29681508243083954, "loss_mask": 0.6817962229251862, "loss_rpn_cls": 0.3441634178161621, "loss_rpn_loc": 0.10331397876143456, "lr": 9.990249999999999e-05, "mask_rcnn/accuracy": 0.6878255796847139, "mask_rcnn/false_negative": 0.5125774399137706, "mask_rcnn/false_positive": 0.10632460255812817, "roi_head/num_bg_samples": 236.875, "roi_head/num_fg_samples": 19.125, "rpn/num_neg_anchors": 223.875, "rpn/num_pos_anchors": 32.125, "time": 15.648118450015318, "total_loss": 1.6634222567081451}
{"data_time": 0.03230349998921156, "eta_seconds": 2174.945927003864, "fast_rcnn/cls_accuracy": 0.9306640625, "fast_rcnn/false_negative": 1.0, "fast_rcnn/fg_cls_accuracy": 0.0, "iteration": 59, "loss_box_reg": 0.21339628845453262, "loss_cls": 0.23730065673589706, "loss_mask": 0.6585332453250885, "loss_rpn_cls": 0.2112014889717102, "loss_rpn_loc": 0.08073052763938904, "lr": 0.0001498525, "mask_rcnn/accuracy": 0.6959623553662536, "mask_rcnn/false_negative": 0.5096359354130502, "mask_rcnn/false_positive": 0.11613278807235344, "roi_head/num_bg_samples": 238.25, "roi_head/num_fg_samples": 17.75, "rpn/num_neg_anchors": 229.375, "rpn/num_pos_anchors": 26.625, "time": 16.49060375004774, "total_loss": 1.377927016466856}
{"data_time": 0.03088325000135228, "eta_seconds": 1871.743998003658, "fast_rcnn/cls_accuracy": 0.9296875, "fast_rcnn/false_negative": 1.0, "fast_rcnn/fg_cls_accuracy": 0.0, "iteration": 79, "loss_box_reg": 0.2403281033039093, "loss_cls": 0.22148849070072174, "loss_mask": 0.6276446878910065, "loss_rpn_cls": 0.18194767832756042, "loss_rpn_loc": 0.0833565816283226, "lr": 0.00019980250000000002, "mask_rcnn/accuracy": 0.7165813373960696, "mask_rcnn/false_negative": 0.4187145515161576, "mask_rcnn/false_positive": 0.1490428316755941, "roi_head/num_bg_samples": 238.0, "roi_head/num_fg_samples": 18.0, "rpn/num_neg_anchors": 228.625, "rpn/num_pos_anchors": 27.375, "time": 15.669747500040103, "total_loss": 1.4048776905983686}
